{"cameraMode":{"drawMode":0,"name":"Shaded","section":"Shading Mode"},"sceneLighting":true,"audioPlay":false,"sceneViewState":{"showFog":true,"showMaterialUpdate":false,"showSkybox":true,"showFlares":true,"showImageEffects":true,"showParticleSystems":true},"in2DMode":false,"pivot":{"x":917.19775390625,"y":304.42010498046877,"z":-57.775634765625},"rotation":{"x":0.06476476788520813,"y":-0.0011862694518640638,"z":0.00007731531513854861,"w":0.9978998899459839},"size":943.0140380859375,"orthographic":false}